-- phpMyAdmin SQL Dump
-- version 4.9.0.1
-- https://www.phpmyadmin.net/
--
-- Host: 127.0.0.1
-- Generation Time: Oct 07, 2019 at 06:28 PM
-- Server version: 10.4.6-MariaDB
-- PHP Version: 7.1.32

SET SQL_MODE = "NO_AUTO_VALUE_ON_ZERO";
SET AUTOCOMMIT = 0;
START TRANSACTION;
SET time_zone = "+00:00";


/*!40101 SET @OLD_CHARACTER_SET_CLIENT=@@CHARACTER_SET_CLIENT */;
/*!40101 SET @OLD_CHARACTER_SET_RESULTS=@@CHARACTER_SET_RESULTS */;
/*!40101 SET @OLD_COLLATION_CONNECTION=@@COLLATION_CONNECTION */;
/*!40101 SET NAMES utf8mb4 */;

--
-- Database: `project`
--

-- --------------------------------------------------------

--
-- Table structure for table `data_participant`
--

CREATE TABLE `data_participant` (
  `id_project` int(11) NOT NULL,
  `n_project` varchar(200) NOT NULL,
  `id` int(5) NOT NULL,
  `name` varchar(50) NOT NULL,
  `lastname` varchar(50) NOT NULL,
  `house_no` varchar(10) NOT NULL,
  `village` varchar(100) NOT NULL,
  `soi` varchar(50) NOT NULL,
  `tombon` varchar(60) NOT NULL,
  `amphoe` varchar(50) NOT NULL,
  `chagwat` varchar(50) NOT NULL,
  `code` varchar(7) NOT NULL,
  `email` varchar(40) NOT NULL,
  `tel` varchar(12) NOT NULL
) ENGINE=InnoDB DEFAULT CHARSET=tis620;

-- --------------------------------------------------------

--
-- Table structure for table `data_project`
--

CREATE TABLE `data_project` (
  `id_project` int(10) NOT NULL,
  `nameproject` varchar(120) NOT NULL,
  `leader` varchar(120) NOT NULL,
  `detail` text NOT NULL,
  `district` varchar(30) NOT NULL,
  `location` varchar(100) NOT NULL
) ENGINE=InnoDB DEFAULT CHARSET=tis620;

--
-- Dumping data for table `data_project`
--

INSERT INTO `data_project` (`id_project`, `nameproject`, `leader`, `detail`, `district`, `location`) VALUES
(1, 'อบรมนมวาริช', 'นางสาวนภัสสร มุสิกา', 'เพลงไปเถอะเธอ จาก Three Man Down เมื่อคนที่คิดว่าดีไม่พอและไม่ควรค่ากับการมีความรัก ต้องยอมปล่อยเธอไปให้ได้มีโอกาสพบกับคนอื่น ถึงแม้จะเสียใจแค่ไหนก็ตาม พร้อมกับต้องยอมบอกให้เธอไม่ต้องรู้สึกผิดกับเรื่องนี้ เพราะวันวันหนึ่งอาจจะวนกลับมาพบกันใหม่ ในเวลาที่ใช่ก็ได้\r\n\r\nเนื้อเพลง ไปเถอะเธอ จาก Three Man Down บอกเล่าเรื่องราวของหนุ่มที่ต้องยอมปล่อยแฟนสาวไป เพราะการฝินคบกันต่อไปมีแต่จะทำให้เธอเสียเวลา โดยเมื่อปล่อยออกมาก็ได้รับเสียงตอบรับเช่น เพราะมาก, ตอนนี้ในทวิตเตอร์มีแต่เพลง ?ไปเถอะเธอ? ละจ้า ฟังแล้วเพราะมาก, เวลาเปลี่ยน คนเปลี่ยน\r\n\r\nเพลงไปเถอะเธอ จาก Three Man Down เผยแพร่ผ่านทาง Youtube ช่อง Gene Lab เมื่อวันที่ 10 กันยายน 2562\r\n\r\nสำหรับ Three Man Down เป็นการตั้งชื่อวงในเชิงอุปมาอุปไมย เหมือนว่าเป็นผู้ชาย 3 คนที่ตายไปแล้ว เพราะวงของพวกเขาเคยทำวงถึง 3 วงมาก่อน การมารวมตัวกันอีกครั้งจึงแทนวงดนตรีของแต่ละคนเป็น Three Man Down', 'เมือง', 'ธาตุเชิงชุม'),
(2, '$', '', '', ' ', ''),
(3, '$', 'นางสาวนภัสสร มสิกา', 'นายนันทภพ ทองย้อย', ' ', ''),
(4, '$', 'นางสาวนภัสสร มสิกา', 'นายนันทภพ ทองย้อย', ' ', ''),
(5, '$', 'นางสาวนภัสสร มสิกา', 'นายนันทภพ ทองย้อย', ' ', ''),
(6, '$', 'นางสาวนภัสสร มสิกา', 'นายนันทภพ ทองย้อย', ' ', ''),
(7, '', 'นางสาวนภัสสร มสิกา', 'นายนันทภพ ทองย้อย', '', ''),
(8, '', 'นางสาวนภัสสร มสิกา', 'นายนันทภพ ทองย้อย', '', ''),
(9, 'หหห', 'หหห', 'หหห', 'อำเภอพังโคน', ''),
(10, 'อบรมการทำงานโดยไม่ขี้ค้าน', 'นางสาวนภัสสร มสิกา', '???', 'อำเภอกุสุมาลย์', ''),
(11, '', '', '', '', ''),
(12, 'อบรมการทำงานโดยไม่ขี้ค้าน', 'ต่าง', 'ลิขิตแห่งจันทร์ ดวงแก้ว(น้ำตาล พิจักขณา) และ พิภพ(กระทิง ขุนณรงค์) ปิดคดีค้ามนุษย์และวัตถุโบราณได้ในที่สุด หลังเหตุการณ์ร้ายๆ ผ่านไปเขาตัดสินใจขอดวงแก้วเป็นแฟน ด้าน โอปอล(น้ำตาล พิจักขณา) กับ หลวงโอสถฯ(เพื่อน คณิน) ปลอมตัวเพื่อตามสืบเรื่อง หลวงอรรถกร(เพ็ชร ฐกฤต) ซื้อขายปืนกับต่างชาติ แต่กลับถูกผู้ร้ายตามล่า ทั้งคู่จึงแกล้งทำเป็นคู่รักเพื่อซ่อนตัวและยังโดนขังไว้ด้วยกันในคลังอาวุธจนถึงเช้า หลวงโอสถฯ ช่วยให้โอปอลหนีไปได้แต่ตัวเองบาดเจ็บหนัก เหตุการณ์นี้ทำให้เธอได้รู้ความลับที่ซ่อนไว้ในกระบอกไม้ไผ่จากคืนพระจันทร์เต็มดวง จึงวางแผนกับชาวบ้านเพื่อบุกขัดขวางการก่อกบฏของหลวงอรรถกร', 'อำเภออากาศอำนวย', '');

-- --------------------------------------------------------

--
-- Table structure for table `data_team`
--

CREATE TABLE `data_team` (
  `id_project` varchar(5) NOT NULL,
  `nameproject` varchar(100) NOT NULL,
  `id` varchar(6) NOT NULL
) ENGINE=InnoDB DEFAULT CHARSET=tis620;

-- --------------------------------------------------------

--
-- Table structure for table `faculty`
--

CREATE TABLE `faculty` (
  `fac_id` varchar(5) NOT NULL,
  `fac_name` varchar(50) NOT NULL
) ENGINE=InnoDB DEFAULT CHARSET=tis620;

--
-- Dumping data for table `faculty`
--

INSERT INTO `faculty` (`fac_id`, `fac_name`) VALUES
('f001', 'คณะวิทยาศาสตร์และเทคโนโลยี'),
('f002', 'คณะครุศาสตร์'),
('f003', 'คณะวิทยาการจัดการ'),
('f004', 'คณะเทคโนโลยีการเกษตร'),
('f005', 'คณะเทคโนโลยีอุตสาหกรรม'),
('f006', 'คณะมนุษย์ศาสตร์และสังคมศาสตร์');

-- --------------------------------------------------------

--
-- Table structure for table `login`
--

CREATE TABLE `login` (
  `id` int(11) NOT NULL,
  `username` varchar(50) CHARACTER SET utf8 COLLATE utf8_unicode_ci NOT NULL,
  `userlevel` varchar(30) NOT NULL,
  `password` varchar(50) NOT NULL,
  `name` varchar(50) CHARACTER SET utf8 COLLATE utf8_unicode_ci NOT NULL,
  `lastname` varchar(50) NOT NULL,
  `position` varchar(60) NOT NULL,
  `faculty` varchar(40) NOT NULL,
  `house_no` varchar(10) NOT NULL,
  `village` varchar(70) NOT NULL,
  `village_no` int(3) NOT NULL,
  `lane` varchar(10) NOT NULL,
  `road` varchar(60) NOT NULL,
  `sub_district` varchar(60) NOT NULL,
  `district` varchar(60) NOT NULL,
  `province` varchar(30) NOT NULL,
  `postal_code` int(6) NOT NULL,
  `email` varchar(50) NOT NULL,
  `tel_num` int(10) NOT NULL
) ENGINE=InnoDB DEFAULT CHARSET=tis620;

--
-- Dumping data for table `login`
--

INSERT INTO `login` (`id`, `username`, `userlevel`, `password`, `name`, `lastname`, `position`, `faculty`, `house_no`, `village`, `village_no`, `lane`, `road`, `sub_district`, `district`, `province`, `postal_code`, `email`, `tel_num`) VALUES
(1, 'lv1', 'a', '1234', 'เติ้ลคนตลก', 'มุสิกา', 'นักศึกษา', 'คณะวิทยาศาสตร์และเทคโนโลยี', '686/36', 'บ้านเอื้ออาทร', 0, '1ก', 'ประชาอุทิศ', 'ธาตุเชิงชุม', 'เมือง', 'สกลนคร', 47000, '', 858655203),
(2, 'lv2', 'm', '111', 'ทีที', 'นันทภพ', 'จนท', 'วิทยาศาสตร์', '', '', 0, '', '', '', '', '', 0, '', 0);

-- --------------------------------------------------------

--
-- Table structure for table `nameinsaka`
--

CREATE TABLE `nameinsaka` (
  `person_id` varchar(6) NOT NULL,
  `name` varchar(100) CHARACTER SET utf8 COLLATE utf8_unicode_ci NOT NULL,
  `saka_id` varchar(6) NOT NULL,
  `fac_id` varchar(6) NOT NULL
) ENGINE=InnoDB DEFAULT CHARSET=tis620;

--
-- Dumping data for table `nameinsaka`
--

INSERT INTO `nameinsaka` (`person_id`, `name`, `saka_id`, `fac_id`) VALUES
('P0001', 'อาจารย์ ดร.สุขสถิต  มีสถิตย์ ', 's001', 'f001'),
('P0002', 'ผศ.สุระพงษ์  อุสายพันธ์', 's001', 'f001'),
('P0003', 'อาจารย์สมบัติ  เทียบแสง', 's001', 'f001'),
('P0004', 'อาจารย์ ดร.อุบลศิลป์ โพธิ์พรม', 's001', 'f001'),
('P0005', 'ผศ.พิเชนทร์  จันทร์ปุ่ม', 's001', 'f001'),
('P0006', ' อาจารย์ ดร. สุทิศา  ซองเหล็กนอก', 's001', 'f001'),
('P0007', 'ผศ.กรรณิการ์ กมลรัตน์', 's001', 'f001'),
('P0008', ' อาจารย์ ดร.สุธาสินี  คุปตะบุตร', 's001', 'f001'),
('P0009', 'อาจารย์วุฒิพงษ์  พันธุมนันท์', 's001', 'f001'),
('P0010', 'อาจารย์ณปพน  บาทชารี', 's001', 'f001'),
('P0011', 'ผศ.วีระศักดิ์  เจริญรัตน์', 's001', 'f001'),
('P0012', 'อาจารย์ ดร. ชัยนันท์ สมพงษ์', 's001', 'f001'),
('P0013', 'อาจารย์สุรีย์พัชร  มุสิกะภวัต', 's001', 'f001'),
('P0014', 'อาจารย์ ดร.นิภาพร ชนะมาร', 's001', 'f001'),
('P0015', 'อาจารย์สุธิรา  จันทร์ปุ่ม', 's001', 'f001'),
('P0016', 'อาจารย์ชายแดน  มิ่งเมือง', 's001', 'f001'),
('P0017', 'อาจารย์แพรตะวัน  จารุตัน', 's001', 'f001'),
('P0018', 'อาจารย์สุรสิทธิ์  อุ้ยปัดฌาวงศ์', 's001', 'f001'),
('P0019', 'อาจารย์ปิยวรรณ  โถปาสอน', 's001', 'f001'),
('P0020', 'อาจารย์กรกช  มาตะรัตน์', 's001', 'f001'),
('P0021', '  อาจารย์ธิดารัตน์   เหลืองรุ่งเรือง', 's001', 'f001'),
('P0022', 'อาจารย์เกวลี  ผาใต้', 's001', 'f001'),
('P0023', 'อาจารย์ ดร.ประวิทย์  อ่วงอารีย์', 's002', 'f001'),
('P0024', 'อาจารย์ฐากร  เจริญรัมย์', 's002', 'f001'),
('P0025', 'ผศ.ดร.ภัทรลภา  ฐานวิเศษ', 's002', 'f001'),
('P0026', 'อาจารย์ ดร.ณัฐพร  จิระวัฒนาสมกุล', 's002', 'f001'),
('P0027', 'อาจารย์ ดร.วิจิตรา   สุจริต', 's002', 'f001'),
('P0028', 'อาจารย์ทรงพล  ประโยชน์มี', 's002', 'f001'),
('P0029', 'อาจารย์ ดร.อมรรัตน์  แท่งทอง', 's002', 'f001'),
('P0030', 'อาจารย์ ดร.นำพร  อินสิน  ', 's003', 'f001'),
('P0031', 'ผศ.ดร.กาญจนา  วงษ์สวัสดิ์', 's003', 'f001'),
('P0032', 'ผศ.ณีรนุช วรไธสง', 's003', 'f001'),
('P0033', 'อาจารย์ ดร.จรินทิพย์  ชมชายผล', 's003', 'f001'),
('P0034', 'อาจารย์ศศิวรรณ  ทัศนเอี่ยม', 's003', 'f001'),
('P0035', 'อาจารย์สุวัสสา  ปั้นเหน่ง', 's003', 'f001'),
('P0036', 'อาจารย์วิบูลย์สุข  ตาลกุล', 's003', 'f001'),
('P0037', 'อาจารย์จิราภรณ์  จำปาจันทร์', 's003', 'f001'),
('P0038', ' อาจารย์ภูวสิทธิ์   ภูลวรรณ', 's003', 'f001'),
('P0039', 'ผศ.ดร.สุพรรณี     สมพงษ์', 's004', 'f001'),
('P0040', 'ผศ.สมจิตต์  รัตนอุดมโชค', 's004', 'f001'),
('P0041', 'ผศ. ศรีจันทร์  ทานะขันธ์', 's004', 'f001'),
('P0042', 'ผศ. ดร.สมบูรณ์  ชาวชายโขง', 's004', 'f001'),
('P0043', 'อาจารย์ ดร.มาลี  ศรีพรหม', 's004', 'f001'),
('P0044', 'ผศ. ดร.สะอาด  ม่วงจันทร์', 's004', 'f001'),
('P0045', 'อาจารย์  ดร.ชนัญกาญจน์  แสงประสาน', 's004', 'f001'),
('P0046', 'อาจารย์ ดร.สมจิตร  บุญเทียม', 's004', 'f001'),
('P0047', 'ว่าที่ร้อยตรีพงษ์พันธ์  มุขวะชิ', 's004', 'f001'),
('P0048', 'อาจารย์สุวิวรรธน์  วิชกูล', 's004', 'f001'),
('P0049', 'อาจารย์ชัยณรงค์  เพียรภายลุน', 's004', 'f001'),
('P0050', 'อาจารย์จิรวัฒน์   กันทะโล', 's004', 'f001'),
('P0051', 'รองศาสตราจารย์ ดร.วิลาวรรณ์  คำหาญ', 's005', 'f001'),
('P0052', 'อาจารย์ ดร.สุวิช  ษมาพิสุทธิ์', 's005', 'f001'),
('P0053', 'ผศ.ธีราธาร  ศรีมหา', 's005', 'f001'),
('P0054', 'รศ.ดร.ทศวรรษ  สีตะวัน', 's005', 'f001'),
('P0055', 'ผศ.ดร. สุรศักดิ์  แสนทวีสุข', 's005', 'f001'),
('P0056', 'ผศ.ดร.เชิดตระกูล  หอมจำปา', 's005', 'f001'),
('P0057', 'ว่าที่ ร.ต.ต. ดร. ธีระพงษ์  แสนทวีสุข', 's005', 'f001'),
('P0058', 'ผศ.ดร.เพชรรัตน์  ใจบุญ', 's005', 'f001'),
('P0059', 'อาจารย์วิชชุดา  ภาโสม', 's005', 'f001'),
('P0060', 'อาจารย์  ดร.โชคชัย  คหัฏฐา', 's005', 'f001'),
('P0061', 'อาจารย์  ดร.อาธรณ์  อรอัด', 's005', 'f001'),
('P0062', 'อาจารย์ ดร.หรรษกร  วรรธนะสาร', 's005', 'f001'),
('P0063', ' อาจารย์ ดร.วิทวัส  พลหาญ', 's005', 'f001'),
('P0064', 'อาจารย์จิราภรณ์  สุมังคะ', 's006', 'f001'),
('P0065', 'รศ.อนันต์  ปานศุภวัชiร', 's006', 'f001'),
('P0066', 'ผศ.เพิ่มศักดิ์  ยีมิน', 's006', 'f001'),
('P0067', 'อาจารย์ ดร.นพรัตน์  สิทธิวงศ์', 's006', 'f001'),
('P0068', 'อาจารย์ ดร.แก้วกัลยา โสตถิสวัสดิ์', 's006', 'f001'),
('P0069', 'อาจารย์สุวภา  ยศตะโคตร', 's006', 'f001'),
('P0070', 'ผศ.อรุณ  วงศ์จิรัฐิติ', 's006', 'f001'),
('P0071', 'อาจารย์ นวรัตน์  เมืองเล็น', 's006', 'f001'),
('P0072', 'อาจารย์กฤษณ์  พิเนตรเสถียร', 's006', 'f001'),
('P0073', 'อาจารย์ ดร.กุลวดี สุวรรณไตรย์', 's006', 'f001'),
('P0074', 'ผศ.นิยม  ชลิตะนาวิน', 's007', 'f001'),
('P0075', 'ผศ.อนุรัตน์  สายทอง', 's007', 'f001'),
('P0076', ' ผศ.ดร.พรกมล  สาฆ้อง', 's007', 'f001'),
('P0077', 'ผศ.ดร.สุดกมล  ลาโสภา', 's007', 'f001'),
('P0078', 'อาจารย์ ดร.ธงจุฑา  สุวรรณประเสริฐ ', 's007', 'f001'),
('P0079', 'อาจารย์บำรุง  รินทา', 's007', 'f001'),
('P0080', ' อาจารย์อรุณฉาย  อุนาศรี', 's007', 'f001'),
('P0081', ' อาจารย์สุมนา  ถวิล', 's007', 'f001'),
('P0082', ' อาจารย์ ดร. ทิติยา  ศรีภักดี', 's007', 'f001'),
('P0083', 'อาจารย์ศุภกร  อาจหาญ', 's007', 'f001'),
('P0084', 'อาจารย์ ดร. วุฒิชัย  รสชาติ', 's007', 'f001'),
('P0085', 'อาจารย์  ดร.จินดา   จันดาเรือง', 's007', 'f001'),
('P0086', ' อาจารย์  ดร.วิชญ์พล  โถสายคำ', 's007', 'f001'),
('P0087', 'ดร.สถิตย์  ภาคมฤค', 's008', 'f002'),
('P0088', 'ผศ.จินดา ลาโพธิ์', 's008', 'f002'),
('P0089', 'อ.อาจิยา  หลิมกุล', 's008', 'f002'),
('P0090', 'อ.พฤฒิชา  นาคะผิว', 's008', 'f002'),
('P0091', 'ผศ.บุญส่ง  วงค์คำ', 's009', 'f002'),
('P0092', 'ดร.พจมาน  ชำนาญกิจ', 's009', 'f002'),
('P0093', 'ดร.สุจิตรา  แบบประเสริฐ', 's009', 'f002'),
('P0094', 'อ.สรินดา  อุคำ', 's009', 'f002'),
('P0095', 'อ.ธราเทพ  เตมีรักษ์', 's009', 'f002'),
('P0096', 'อ.ชุลีวัลย์  รักษาภักดี', 's009', 'f002'),
('P0097', 'ผศ.ดร.อรวรรณ  นิ่มตลุง', 's010', 'f002'),
('P0098', 'อ.สุพัตรา  ปสังคโท', 's010', 'f002'),
('P0099', 'อ.หรรษา  องคสิงห์', 's010', 'f002'),
('P0100', 'อ.รัชดาพรรณ  อินทรสุขสันต์', 's010', 'f002'),
('P0101', 'อ.นวพร  วรรณทอง', 's011', 'f002'),
('P0102', 'อ.พรพิมล  ศิวินา', 's011', 'f002'),
('P0103', 'อ.ธเนศพล เจริญราษฎร์', 's011', 'f002'),
('P0104', 'อ.สุริยะ  ประทุมรัตน์', 's011', 'f002'),
('P0105', 'อ.กิตติกร  รักษาพล', 's011', 'f002'),
('P0106', 'อ.อนงค์ลักษณ์   หนูหมอก', 's011', 'f002'),
('P0107', 'อ.อรรถสิทธิ์  เกษคึมบง', 's011', 'f002'),
('P0108', 'อ.อิสฬิยาภรณ์ วรกิตตนนท์', 's011', 'f002'),
('๏ปฟper', 'name', 'saka_i', 'fac_id');

-- --------------------------------------------------------

--
-- Table structure for table `sakawicha`
--

CREATE TABLE `sakawicha` (
  `saka_id` varchar(7) CHARACTER SET utf8mb4 COLLATE utf8mb4_thai_520_w2 NOT NULL,
  `saka_name` varchar(70) CHARACTER SET utf8 COLLATE utf8_thai_520_w2 NOT NULL,
  `fac_id` varchar(5) CHARACTER SET utf8 COLLATE utf8_thai_520_w2 NOT NULL
) ENGINE=InnoDB DEFAULT CHARSET=tis620;

--
-- Dumping data for table `sakawicha`
--

INSERT INTO `sakawicha` (`saka_id`, `saka_name`, `fac_id`) VALUES
('s001', 'สาขาวิชาคอมพิวเตอร์', 'f001'),
('s002', 'สาขาวิชาวิทยาศาสตร์สิ่งเเวดล้อม', 'f001'),
('s003', 'สาขาวิชาวิทยาศาสตร์สุขภาพ', 'f001'),
('s004', 'สาขาวิชาคณิตศาสตร์และสถิติ', 'f001'),
('s005', 'สาขาวิชาฟิสิกส์', 'f001'),
('s006', 'สาขาวิชาชีววิทยา', 'f001'),
('s007', 'สาขาวิชาเคมี', 'f001'),
('s008', 'สาชาวิชาภาษาไทย', 'f002'),
('s009', 'สาชาวิชาการศึกษาปฐมวัย', 'f002'),
('s010', 'สาชาวิชาการศึกษาพิเศษ', 'f002'),
('s011', 'สาชาวิชาภาษาอังกฤษ', 'f002'),
('s012', 'สาชาวิชาสังคมศึกษา', 'f002'),
('s013', 'สาชาวิชาพลศึกษาและวิทยาศาสตร์การกีฬา', 'f002'),
('s014', 'สาชาวิชาคณิตศาสตร์', 'f002'),
('s015', 'สาชาวิชาวิทยาศาสตร์', 'f002'),
('s016', 'สาชาวิชานวัตกรรมและคอมพิวเตอร์ศึกษา', 'f002'),
('s017', 'สาชาวิชาฟิสิกส์', 'f002'),
('s018', 'สาชาวิชาเคมี', 'f002'),
('s019', 'สาชาวิชาเกษตรศาสตร์', 'f002'),
('s020', 'สาชาวิชาอุตสาหกรรมศิลป์', 'f002'),
('s021', 'สาชาวิชาคหกรรมศาสตร์', 'f002'),
('s022', 'สาชาวิชาการศึกษาพิเศษและภาษาอังกฤษ (เอกคู่)', 'f002'),
('s023', 'สาขาวิชาการบัญชี', 'f003'),
('s024', 'สาขาวิชาการตลาด และการจัดการโลจิสติกส์', 'f003'),
('s025', 'สาขาวิชารัฐประศาสนศาสตร์', 'f003'),
('s026', 'สาขาวิชาบริหารทรัพยากรมนุษย์และการจัดการทั่วไป', 'f003'),
('s027', 'สาขาวิชาเศรษฐศาสตร์ธุรกิจ', 'f003'),
('s028', 'สาขาวิชาการเงินการธนาคาร', 'f003'),
('s029', 'สาขาวิชาคอมพิวเตอร์ธุรกิจ', 'f003'),
('s030', 'สาขาวิชานิเทศศาสตร์', 'f003'),
('s031', 'สาขาวิชาการจัดการธุรกิจค้าปลีก', 'f003'),
('s032', 'หลักสูตรรัฐประศาสนศาสตรมหาบัณฑิต', 'f003'),
('s033', 'สาขาวิชาวิทยาศาสตร์และเทคโนโลยีการอาหาร', 'f004'),
('s034', 'สาขาวิชาสัตวศาสตร์', 'f004'),
('s035', 'สาขาวิชาเทคนิคการสัตวแพทย์', 'f004'),
('s036', '?สาขาวิชาพืชศาสตร์', 'f004'),
('s037', 'สาขาวิชาบริหารธุรกิจการเกษตร', 'f004'),
('s038', '?สาขาวิชาการประมง', 'f004'),
('s039', 'สาขาวิชาโยธาและสถาปัตยกรรม', 'f005'),
('s040', 'สาขาวิชาไฟฟ้าและอิเล็กทรอนิกส์', 'f005'),
('s041', 'สาขาวิชาเครื่องกลและอุตสาหการ', 'f005'),
('s042', 'สาขาวิชาสังคม หลักสูตรวัฒนธรรมศึกษาเพื่อการพัฒนา', 'f006'),
('s043', 'สาขาวิชาดนตรี', 'f006'),
('s044', 'สาขาวิชาศิลปกรรม', 'f006'),
('s045', 'สาขาวิชาการพัฒนาชุมชน', 'f006'),
('s046', 'สาขาวิชาการท่องเที่ยว', 'f006'),
('s047', 'สาขาวิชาภาษาต่างประเทศ', 'f006'),
('s048', 'สาขาวิชาภาษาอังกฤษธุรกิจ/ภาษาอังกฤษเพื่อการสื่อสาร ศศ.บ.', 'f006'),
('s049', 'สาขาวิชารัฐศาสตร์', 'f006'),
('s050', 'สาขาวิชาภาษาไทยเพื่อการสื่อสาร', 'f006'),
('s051', 'สาขาวิชานิติศาสตร์', 'f006');

--
-- Indexes for dumped tables
--

--
-- Indexes for table `data_project`
--
ALTER TABLE `data_project`
  ADD PRIMARY KEY (`id_project`);

--
-- Indexes for table `faculty`
--
ALTER TABLE `faculty`
  ADD PRIMARY KEY (`fac_id`);

--
-- Indexes for table `login`
--
ALTER TABLE `login`
  ADD PRIMARY KEY (`id`);

--
-- Indexes for table `nameinsaka`
--
ALTER TABLE `nameinsaka`
  ADD PRIMARY KEY (`person_id`);

--
-- Indexes for table `sakawicha`
--
ALTER TABLE `sakawicha`
  ADD PRIMARY KEY (`saka_id`);

--
-- AUTO_INCREMENT for dumped tables
--

--
-- AUTO_INCREMENT for table `data_project`
--
ALTER TABLE `data_project`
  MODIFY `id_project` int(10) NOT NULL AUTO_INCREMENT, AUTO_INCREMENT=13;

--
-- AUTO_INCREMENT for table `login`
--
ALTER TABLE `login`
  MODIFY `id` int(11) NOT NULL AUTO_INCREMENT, AUTO_INCREMENT=3;
COMMIT;

/*!40101 SET CHARACTER_SET_CLIENT=@OLD_CHARACTER_SET_CLIENT */;
/*!40101 SET CHARACTER_SET_RESULTS=@OLD_CHARACTER_SET_RESULTS */;
/*!40101 SET COLLATION_CONNECTION=@OLD_COLLATION_CONNECTION */;
